                  epoch,         train/box_loss,        train/pose_loss,        train/kobj_loss,         train/cls_loss,         train/dfl_loss,   metrics/precision(B),      metrics/recall(B),       metrics/mAP50(B),    metrics/mAP50-95(B),   metrics/precision(P),      metrics/recall(P),       metrics/mAP50(P),    metrics/mAP50-95(P),           val/box_loss,          val/pose_loss,          val/kobj_loss,           val/cls_loss,           val/dfl_loss,                 lr/pg0,                 lr/pg1,                 lr/pg2
                      1,                 2.4081,                 9.7269,                0.69935,                 3.1822,                 2.8215,                0.26842,                0.47664,                0.19801,                0.07296,                0.00037,                0.01869,                0.00019,                  7e-05,                 3.3074,                 11.155,                0.69924,                 28.551,                 9.1514,                0.00052,                0.00052,                0.00052
                      2,                 2.1303,                  9.292,                0.68771,                  2.146,                 2.5213,                 0.0217,                0.85981,                0.02491,                0.01218,                      0,                      0,                      0,                      0,                 2.7015,                 11.972,                 3.3309,                    inf,                 19.341,              0.0010495,              0.0010495,              0.0010495
                      3,                 2.1113,                 9.0785,                0.67694,                 2.1344,                 2.5405,                 0.0217,                0.85981,                0.02491,                0.01218,                      0,                      0,                      0,                      0,                    nan,                    nan,                    nan,                    nan,                    nan,              0.0015683,              0.0015683,              0.0015683
                      4,                 2.0441,                 8.9802,                0.66418,                 2.1832,                 2.4931,                0.00013,                0.01869,                  6e-05,                  1e-05,                      0,                      0,                      0,                      0,                  4.319,                 11.798,                 2.3723,                    inf,                 121.61,              0.0019406,              0.0019406,              0.0019406
                      5,                 2.0426,                 8.3036,                0.65393,                 2.1571,                 2.4816,                 0.0145,                0.11215,                0.00785,                0.00217,                0.00198,                0.03738,                 0.0004,                  9e-05,                 4.5822,                 10.793,                0.88649,                 92.711,                 11.885,              0.0019208,              0.0019208,              0.0019208
                      6,                 2.1106,                 8.7058,                0.65269,                 2.2193,                 2.5451,                0.20418,                0.58879,                0.29372,                0.09067,                0.00188,                0.09346,                 0.0007,                0.00017,                 2.8217,                 10.861,                0.71935,                 27.851,                 5.1558,               0.001901,               0.001901,               0.001901
                      7,                 1.9925,                 8.3326,                0.64404,                 2.1815,                   2.45,                 0.5313,                0.24299,                  0.265,                0.11362,                0.00367,                0.02804,                0.00059,                  9e-05,                 3.1154,                 9.8828,                0.71037,                 9.3607,                 5.2434,              0.0018812,              0.0018812,              0.0018812
                      8,                 1.9678,                 8.1358,                0.63932,                 2.1181,                 2.4028,                0.24564,                0.30841,                0.16698,                0.04933,                0.00193,                0.02804,                0.00072,                0.00022,                 3.1513,                 9.6966,                0.69171,                   5.38,                 4.7516,              0.0018614,              0.0018614,              0.0018614
                      9,                  1.943,                 8.0712,                  0.641,                 2.1284,                  2.403,                0.42905,                0.43545,                0.36965,                0.14072,                0.00232,                0.01869,                0.00097,                0.00031,                 3.0323,                 9.6368,                0.68954,                 4.0526,                 4.5924,              0.0018416,              0.0018416,              0.0018416
                     10,                 1.8953,                 8.0497,                0.63518,                 2.0373,                  2.334,                0.34658,                0.38171,                0.31836,                0.11653,                0.03592,                0.07477,                0.00733,                 0.0011,                 2.8207,                 9.0003,                0.67166,                 3.9292,                 4.7169,              0.0018218,              0.0018218,              0.0018218
                     11,                 1.8732,                 7.8845,                0.62457,                 2.0336,                 2.3303,                0.33267,                0.42991,                0.28887,                0.10116,                0.06581,                0.05607,                0.01508,                0.00258,                 3.0498,                 8.7545,                0.68883,                  4.108,                 4.6694,               0.001802,               0.001802,               0.001802
                     12,                 1.8018,                 7.6281,                0.62205,                 2.0222,                 2.2608,                0.38031,                 0.4486,                0.39471,                0.17576,                0.02445,                0.04673,                0.00386,                0.00071,                 2.8538,                 8.8818,                0.70616,                 4.3463,                 4.2319,              0.0017822,              0.0017822,              0.0017822
                     13,                 1.8447,                 7.5326,                0.62026,                 2.0271,                  2.298,                0.35633,                0.31045,                0.30331,                0.11698,                 0.0435,                0.04673,                0.00886,                0.00183,                 2.8515,                  8.782,                 0.6869,                 2.7108,                 4.5084,              0.0017624,              0.0017624,              0.0017624
                     14,                 1.8153,                 7.6836,                0.61049,                 2.0091,                 2.2716,                 0.4257,                0.38103,                 0.3777,                0.16809,                0.01149,                0.07477,                0.00222,                 0.0006,                 2.9061,                 9.0864,                0.74272,                 3.1881,                 4.3527,              0.0017426,              0.0017426,              0.0017426
                     15,                 1.8017,                   7.48,                0.61501,                 1.9828,                 2.2635,                0.36801,                 0.4626,                0.37837,                0.12411,                0.01363,                0.05607,                0.00279,                0.00062,                 3.1824,                 8.8272,                0.68642,                 3.5268,                 4.8512,              0.0017228,              0.0017228,              0.0017228
                     16,                 1.7985,                 7.4948,                0.61696,                 1.9717,                   2.26,                0.58603,                0.52924,                0.55291,                0.22832,                0.04212,                0.09346,                0.00709,                 0.0018,                 2.9034,                 8.7256,                0.70099,                 2.8948,                 4.6355,               0.001703,               0.001703,               0.001703
                     17,                 1.7688,                 7.5997,                0.61769,                 1.9668,                 2.2322,                0.46309,                0.48367,                0.50985,                0.22998,                0.02684,                0.03738,                0.00326,                0.00075,                 2.8162,                  8.897,                0.67755,                  2.684,                   4.31,              0.0016832,              0.0016832,              0.0016832
                     18,                 1.8098,                 7.3343,                0.59641,                 2.0007,                 2.2821,                0.49554,                0.39478,                0.42545,                0.18377,                0.02952,                 0.1028,                0.00768,                0.00192,                 3.0155,                 8.3012,                0.66778,                 2.7894,                 4.7138,              0.0016634,              0.0016634,              0.0016634
                     19,                 1.7577,                  7.555,                0.60491,                 1.9505,                 2.2205,                0.59345,                0.47749,                0.55445,                0.27128,                0.05415,                0.07477,                 0.0112,                 0.0033,                 2.7992,                  7.946,                0.67611,                 2.2507,                 4.3614,              0.0016436,              0.0016436,              0.0016436
                     20,                 1.7833,                 7.4552,                 0.6055,                 1.9668,                 2.2403,                0.48896,                0.47664,                0.51238,                0.24594,                0.02844,                 0.1028,                0.00671,                0.00151,                 2.8681,                  8.311,                0.67065,                 2.2805,                 4.1579,              0.0016238,              0.0016238,              0.0016238
                     21,                 1.7442,                 7.3448,                0.61262,                 1.8836,                 2.1864,                0.48693,                0.51444,                0.55102,                0.25687,                0.05748,                0.08411,                0.01191,                 0.0028,                 2.8781,                 8.1611,                0.66366,                 2.4078,                 4.4917,               0.001604,               0.001604,               0.001604
                     22,                 1.7335,                 7.5565,                0.61275,                  1.921,                 2.2017,                0.57828,                0.52545,                0.56346,                0.27915,                0.05556,                 0.1028,                0.01371,                0.00332,                 2.7776,                 8.2412,                0.69951,                 2.1875,                 4.2339,              0.0015842,              0.0015842,              0.0015842
                     23,                 1.7431,                 7.3247,                0.61442,                 1.8388,                 2.1948,                0.57191,                0.41121,                0.48659,                0.20746,                0.05412,                0.11215,                0.01154,                0.00212,                 3.2138,                 8.3172,                0.69287,                 2.3228,                 4.4435,              0.0015644,              0.0015644,              0.0015644
                     24,                 1.6948,                  7.195,                0.59781,                 1.7609,                 2.1536,                 0.5652,                0.53455,                0.55164,                0.25839,                0.05115,                0.04673,                 0.0077,                0.00229,                 2.7645,                  8.002,                0.66689,                 2.2255,                 4.1475,              0.0015446,              0.0015446,              0.0015446
                     25,                 1.6865,                 7.0389,                0.59187,                  1.755,                 2.1487,                0.56419,                0.57944,                0.59895,                0.28484,                0.06611,                0.07477,                0.01853,                0.00383,                 2.7473,                 8.1017,                0.68329,                 2.0104,                 4.1355,              0.0015248,              0.0015248,              0.0015248
                     26,                  1.757,                 7.4804,                0.60173,                 1.7893,                 2.1595,                0.47476,                0.47664,                0.42687,                0.20369,                0.10838,                0.05607,                0.01756,                0.00403,                 2.7904,                 8.1829,                0.69752,                 2.6177,                 4.0566,               0.001505,               0.001505,               0.001505
                     27,                 1.6862,                 7.2683,                0.60292,                 1.7762,                 2.1088,                0.46709,                0.43417,                0.51471,                0.20853,                0.11674,                0.07477,                0.01863,                 0.0039,                 2.7751,                 7.9512,                0.67382,                 2.2566,                 3.9803,              0.0014852,              0.0014852,              0.0014852
                     28,                 1.6722,                  7.039,                0.59242,                 1.7256,                 2.1039,                0.56805,                0.49164,                0.56913,                0.26776,                0.08587,                0.07477,                0.01433,                0.00324,                 2.8079,                 7.8846,                0.67835,                 2.0537,                 4.0406,              0.0014654,              0.0014654,              0.0014654
                     29,                 1.7081,                   7.07,                0.59037,                 1.6964,                 2.1297,                0.52141,                0.57009,                0.56094,                0.27648,                0.08338,                0.09346,                 0.0162,                0.00348,                 2.7854,                 7.6871,                0.64224,                 2.3017,                 4.1943,              0.0014456,              0.0014456,              0.0014456
                     30,                 1.6949,                 7.1498,                0.59301,                 1.7005,                 2.1331,                0.45439,                0.53271,                0.52539,                0.24284,                0.02977,                0.04673,                0.00674,                0.00169,                 2.9275,                 8.0665,                0.64853,                 2.1536,                 4.2347,              0.0014258,              0.0014258,              0.0014258
                     31,                 1.6242,                 7.1012,                0.58846,                 1.6427,                 2.0583,                0.64111,                0.47664,                0.54161,                0.27531,                0.03421,                0.06542,                0.00756,                 0.0022,                 2.7013,                 8.0188,                0.68439,                 2.0503,                 4.0344,               0.001406,               0.001406,               0.001406
                     32,                 1.6627,                 7.0278,                0.58305,                 1.6452,                 2.0789,                0.57817,                0.57009,                0.55216,                0.28879,                0.07318,                0.08411,                0.01476,                0.00323,                 2.6408,                 7.8336,                0.65354,                 1.8766,                 3.9584,              0.0013862,              0.0013862,              0.0013862
                     33,                 1.6764,                 6.7348,                0.57127,                 1.6823,                  2.093,                0.65493,                 0.5514,                0.65077,                0.32846,                0.05798,                0.08411,                0.01413,                0.00345,                 2.7395,                 7.7831,                0.65962,                 1.8984,                 3.9964,              0.0013664,              0.0013664,              0.0013664
                     34,                 1.6569,                 6.7359,                0.57164,                 1.7112,                 2.1176,                0.57341,                0.59813,                 0.6554,                0.36853,                0.05013,                 0.1028,                0.01261,                0.00336,                 2.6389,                 7.7421,                0.64903,                 1.7538,                 3.7041,              0.0013466,              0.0013466,              0.0013466
                     35,                 1.6044,                 7.1085,                0.57819,                 1.6179,                 2.0377,                0.73616,                0.59813,                0.67389,                0.34458,                0.03969,                 0.1028,                0.01499,                0.00418,                 2.7266,                 7.7254,                0.64459,                 1.6374,                 3.7098,              0.0013268,              0.0013268,              0.0013268
                     36,                 1.6118,                 6.7756,                0.56915,                 1.5792,                 2.0377,                0.66679,                0.53271,                0.63714,                0.33748,                0.07314,                 0.1028,                0.01494,                0.00352,                 2.7134,                  7.636,                0.64211,                  1.668,                 4.0114,               0.001307,               0.001307,               0.001307
                     37,                 1.6072,                 6.9597,                0.57189,                 1.5372,                 2.0335,                0.62974,                0.59813,                0.67688,                0.34543,                0.03802,                0.09346,                0.01009,                0.00273,                 2.6789,                 7.9988,                0.64122,                 1.5998,                 4.3013,              0.0012872,              0.0012872,              0.0012872
                     38,                 1.5861,                  6.859,                0.57192,                 1.5579,                 2.0146,                0.61638,                0.57944,                0.64505,                0.34512,                0.05637,                0.11215,                 0.0181,                0.00414,                 2.7392,                 7.9139,                0.64627,                 1.8186,                 4.6485,              0.0012674,              0.0012674,              0.0012674
                     39,                 1.5537,                 6.8834,                0.58025,                 1.5309,                 2.0164,                0.57361,                0.61682,                0.64853,                0.33205,                0.04951,                0.08411,                0.01135,                0.00335,                 2.5955,                 7.8899,                0.65342,                  1.663,                 3.7751,              0.0012476,              0.0012476,              0.0012476
                     40,                 1.6405,                 6.8919,                0.56972,                 1.5178,                 2.0472,                0.69454,                0.53127,                 0.6369,                0.29561,                0.03362,                0.07477,                0.01594,                0.00528,                 2.7729,                 8.0228,                0.64917,                 1.6601,                 3.9837,              0.0012278,              0.0012278,              0.0012278
                     41,                 1.5514,                 6.8167,                0.56029,                 1.5318,                 1.9997,                0.60118,                0.61987,                0.66179,                0.35948,                0.05066,                0.09346,                0.01674,                0.00491,                 2.5349,                 7.6588,                 0.6432,                 1.7847,                 3.8366,               0.001208,               0.001208,               0.001208
                     42,                 1.5781,                 6.6594,                0.57305,                 1.5441,                 2.0163,                0.64282,                0.62617,                0.67964,                0.38769,                0.10259,                0.13084,                0.02784,                0.00617,                 2.5671,                 7.6114,                0.64586,                  1.668,                 3.8371,              0.0011882,              0.0011882,              0.0011882
                     43,                 1.5583,                  6.563,                0.56697,                 1.4532,                 1.9883,                0.66656,                0.70996,                0.71485,                0.41275,                0.08928,                0.14019,                0.02377,                0.00554,                 2.5344,                 7.5247,                 0.6197,                 1.5634,                 3.8404,              0.0011684,              0.0011684,              0.0011684
                     44,                 1.5499,                 6.5224,                0.55344,                 1.4655,                 1.9962,                0.66886,                0.60748,                0.66861,                0.38992,                 0.0737,                0.08411,                0.01596,                0.00442,                 2.5788,                 7.9219,                0.64165,                 1.7117,                 3.6793,              0.0011486,              0.0011486,              0.0011486
                     45,                 1.5408,                 6.7379,                0.56072,                 1.4409,                 1.9638,                0.73008,                0.63199,                0.70174,                0.37394,                0.09497,                0.15888,                0.02429,                0.00642,                 2.6724,                  7.552,                 0.6598,                 1.8765,                   3.79,              0.0011288,              0.0011288,              0.0011288
                     46,                 1.5598,                  6.549,                0.56832,                 1.4311,                 1.9713,                0.60621,                0.65421,                0.70551,                0.40388,                0.06201,                0.15888,                0.02088,                0.00478,                 2.5436,                 7.3274,                0.62376,                 1.7101,                 3.7524,               0.001109,               0.001109,               0.001109
                     47,                 1.5272,                 6.4277,                0.55672,                 1.4055,                 1.9596,                0.70687,                0.67613,                0.74693,                0.41102,                0.12566,                0.09346,                0.01927,                0.00481,                 2.5356,                 7.4969,                0.64039,                 1.4783,                 3.8393,              0.0010892,              0.0010892,              0.0010892
                     48,                 1.5239,                 6.3065,                 0.5392,                 1.3906,                 1.9623,                0.67729,                0.61682,                0.70589,                0.39237,                0.09797,                 0.1482,                 0.0263,                0.00543,                 2.6378,                 7.4467,                0.63216,                 1.6636,                 4.1201,              0.0010694,              0.0010694,              0.0010694
                     49,                 1.4761,                 6.3668,                 0.5665,                 1.3615,                 1.9389,                0.72055,                0.65065,                0.72212,                0.39684,                0.10459,                0.11215,                 0.0197,                 0.0042,                 2.6142,                 7.3917,                0.62456,                 1.7152,                 3.8419,              0.0010496,              0.0010496,              0.0010496
                     50,                 1.5716,                 6.4431,                0.56977,                 1.4142,                 1.9722,                0.71726,                0.62617,                0.67908,                0.39988,                 0.1188,                0.06542,                0.01725,                0.00439,                 2.5065,                 7.4126,                0.64683,                 1.5351,                 3.6757,              0.0010298,              0.0010298,              0.0010298
                     51,                 1.4829,                 6.3648,                0.55727,                 1.4044,                 1.9419,                0.70042,                0.62617,                  0.711,                 0.3978,                0.13716,                0.09346,                0.02512,                0.00726,                 2.4254,                 7.3438,                0.62243,                 1.4687,                 3.7862,                0.00101,                0.00101,                0.00101
                     52,                  1.498,                  6.586,                 0.5737,                 1.3856,                 1.9447,                0.75659,                0.63551,                0.67474,                 0.3705,                0.07636,                 0.1028,                0.02526,                0.00576,                 2.6739,                 7.3524,                0.62658,                 1.5002,                 4.1233,              0.0009902,              0.0009902,              0.0009902
                     53,                 1.5173,                 6.4785,                 0.5587,                 1.3378,                 1.9358,                0.69101,                0.62617,                 0.7194,                0.42887,                 0.1094,                 0.1028,                0.02156,                 0.0051,                 2.5412,                 7.2126,                0.62732,                 1.4548,                 3.8548,              0.0009704,              0.0009704,              0.0009704
                     54,                 1.4976,                 6.4381,                0.55241,                 1.3778,                 1.9316,                0.77246,                0.60748,                0.70548,                0.42339,                0.12898,                0.13084,                0.03035,                0.00752,                 2.3941,                 7.2239,                 0.6495,                 1.5985,                 3.6758,              0.0009506,              0.0009506,              0.0009506
                     55,                 1.4324,                 6.2946,                0.56681,                 1.3154,                 1.8783,                0.75044,                0.57944,                0.69402,                0.39776,                0.08522,                 0.1028,                0.01915,                0.00563,                  2.555,                 7.4183,                0.63896,                 1.7103,                 3.8143,              0.0009308,              0.0009308,              0.0009308
                     56,                 1.4954,                 6.1438,                0.53858,                 1.3451,                 1.9423,                 0.6372,                0.60734,                0.67217,                0.40103,                0.09268,                0.08411,                0.02885,                0.00731,                 2.4729,                 7.3441,                0.64657,                  1.566,                  3.694,               0.000911,               0.000911,               0.000911
                     57,                 1.4349,                 6.3591,                0.55589,                 1.2977,                 1.8863,                  0.749,                0.66935,                0.73231,                0.42519,                0.07743,                0.13084,                0.02452,                0.00503,                 2.4966,                 7.1582,                0.61236,                  1.503,                 3.8292,              0.0008912,              0.0008912,              0.0008912
                     58,                 1.4663,                  6.406,                 0.5626,                 1.2995,                 1.8993,                0.76689,                0.61493,                0.74128,                0.45321,                0.11189,                0.14953,                0.03118,                0.00621,                 2.3936,                 7.3603,                0.62435,                 1.4105,                 3.7596,              0.0008714,              0.0008714,              0.0008714
                     59,                 1.4649,                  6.285,                0.54727,                 1.3003,                 1.9334,                0.73223,                0.60748,                 0.7386,                0.44962,                0.09971,                0.08411,                0.02417,                0.00545,                 2.4911,                 7.3643,                0.61781,                 1.4709,                   3.96,              0.0008516,              0.0008516,              0.0008516
                     60,                 1.4924,                 5.9987,                0.53326,                  1.341,                 1.9347,                0.73296,                0.71028,                0.75361,                0.43657,                0.11635,                0.14019,                0.03589,                0.00927,                 2.4073,                 7.0716,                0.62712,                 1.4094,                 3.8393,              0.0008318,              0.0008318,              0.0008318
                     61,                 1.4445,                 6.0492,                0.55854,                 1.2553,                 1.8787,                0.76845,                0.62036,                0.74156,                 0.4412,                0.11559,                0.14953,                0.03543,                0.00917,                 2.4582,                 7.1741,                0.61658,                 1.4238,                 3.8785,               0.000812,               0.000812,               0.000812
                     62,                 1.4405,                 5.9424,                0.54605,                 1.2705,                 1.8822,                0.70838,                0.63551,                0.70117,                0.42035,                0.12869,                0.13084,                0.04128,                0.00997,                 2.4187,                 7.1629,                0.65679,                 1.4074,                 3.6002,              0.0007922,              0.0007922,              0.0007922
                     63,                 1.4705,                 6.2304,                0.54079,                 1.3234,                 1.9055,                0.69396,                0.69159,                0.74648,                0.43363,                0.10944,                 0.1215,                0.02386,                0.00627,                 2.4528,                  6.985,                0.61314,                 1.4465,                 3.8495,              0.0007724,              0.0007724,              0.0007724
                     64,                 1.4378,                 6.1755,                 0.5506,                 1.2598,                 1.8803,                0.83558,                0.66355,                0.76353,                   0.44,                0.13132,                0.13084,                0.03152,                 0.0073,                 2.4317,                 7.2123,                0.61725,                 1.4757,                  3.801,              0.0007526,              0.0007526,              0.0007526
                     65,                 1.4342,                 5.8891,                0.53935,                 1.2796,                 1.8964,                0.69985,                 0.6729,                0.73871,                0.46096,                0.13841,                0.14019,                0.03828,                0.00933,                 2.4053,                 7.0531,                0.61114,                 1.4155,                  3.662,              0.0007328,              0.0007328,              0.0007328
                     66,                 1.4657,                 6.1058,                 0.5506,                 1.2907,                 1.8897,                  0.796,                0.61996,                0.72026,                0.46571,                0.14662,                0.14953,                0.03651,                0.00934,                 2.3461,                 7.0738,                0.61271,                 1.3357,                  3.557,               0.000713,               0.000713,               0.000713
                     67,                 1.3589,                 6.1264,                0.55091,                 1.1984,                 1.8064,                0.71527,                0.65738,                0.72648,                0.43764,                0.13836,                0.14953,                0.03613,                0.00871,                 2.4899,                 7.1096,                0.62393,                 1.4002,                 3.8074,              0.0006932,              0.0006932,              0.0006932
                     68,                 1.3714,                 5.7417,                0.54343,                 1.2086,                 1.8363,                0.74499,                0.70987,                0.76287,                0.46316,                0.12061,                0.15888,                0.04016,                0.00936,                 2.4639,                 7.1187,                0.61435,                 1.2663,                 3.7388,              0.0006734,              0.0006734,              0.0006734
                     69,                 1.4187,                 5.9257,                0.54477,                  1.243,                 1.8516,                0.65562,                0.65421,                0.71099,                0.43193,                0.16798,                0.16822,                0.06087,                0.01644,                 2.4163,                 6.9132,                0.62546,                 1.3042,                 3.6518,              0.0006536,              0.0006536,              0.0006536
                     70,                   1.37,                 6.0317,                0.53648,                 1.1892,                 1.8453,                0.74563,                0.65749,                0.76854,                0.47053,                0.13033,                0.15888,                0.03439,                0.00795,                  2.421,                 7.0417,                0.61906,                 1.2811,                 3.7191,              0.0006338,              0.0006338,              0.0006338
                     71,                 1.3943,                 5.7331,                0.52624,                  1.197,                 1.8502,                 0.7852,                0.64912,                0.76367,                0.45065,                0.16553,                0.16822,                0.04475,                0.01038,                 2.4039,                 6.7881,                0.60446,                 1.2943,                 3.8359,               0.000614,               0.000614,               0.000614
                     72,                 1.3781,                 5.8005,                0.52206,                 1.2343,                  1.839,                0.72306,                0.70093,                0.74058,                0.45951,                0.16323,                0.17757,                0.06024,                0.01462,                 2.3458,                  6.926,                0.61297,                  1.307,                 3.7062,              0.0005942,              0.0005942,              0.0005942
                     73,                 1.3452,                 5.5542,                0.52427,                 1.1991,                 1.8218,                0.66496,                0.72342,                0.75817,                0.44475,                0.14433,                0.17757,                0.03906,                0.00935,                 2.4714,                 6.9307,                0.61071,                  1.283,                 3.8556,              0.0005744,              0.0005744,              0.0005744
                     74,                 1.3675,                  5.731,                0.52619,                 1.1941,                  1.818,                0.66798,                0.64486,                0.72109,                0.44903,                0.17928,                0.11215,                0.04144,                0.01019,                 2.3468,                 6.7144,                0.60357,                 1.2895,                 3.7151,              0.0005546,              0.0005546,              0.0005546
                     75,                 1.2983,                  5.692,                0.52933,                 1.1411,                  1.765,                0.70819,                0.65778,                 0.7417,                0.47096,                0.14123,                0.17757,                0.05514,                0.01385,                 2.3196,                 6.7782,                 0.6009,                 1.2884,                 3.5788,              0.0005348,              0.0005348,              0.0005348
                     76,                 1.3355,                 5.7984,                0.54074,                 1.1415,                 1.7805,                0.76168,                0.65717,                0.75666,                0.48536,                0.15421,                0.17757,                0.05714,                0.01415,                 2.2829,                 6.6588,                0.59982,                 1.2624,                 3.7176,               0.000515,               0.000515,               0.000515
                     77,                 1.3107,                 5.8338,                0.52805,                 1.1006,                 1.7684,                0.74747,                0.70093,                0.77266,                0.49089,                0.15783,                0.14953,                0.04777,                0.01192,                  2.313,                 6.6522,                0.60737,                   1.27,                 3.6231,              0.0004952,              0.0004952,              0.0004952
                     78,                 1.3216,                 5.6662,                  0.522,                 1.1192,                 1.7797,                 0.7697,                0.71963,                0.77858,                0.49971,                0.16993,                0.15888,                0.04541,                0.01197,                 2.3288,                 6.5581,                0.61558,                 1.3054,                 3.5627,              0.0004754,              0.0004754,              0.0004754
                     79,                 1.3402,                 5.6922,                0.52207,                 1.1451,                 1.7958,                0.80447,                0.65368,                0.75065,                0.47051,                0.20919,                0.16822,                0.05514,                0.01272,                 2.3633,                 6.6461,                0.60708,                 1.2791,                 3.7946,              0.0004556,              0.0004556,              0.0004556
                     80,                 1.3433,                 5.7368,                0.51805,                 1.1649,                 1.7918,                0.81781,                 0.6729,                0.76723,                0.49053,                0.13787,                0.15888,                0.04513,                0.01188,                 2.4279,                 6.5523,                0.60931,                  1.273,                 3.9293,              0.0004358,              0.0004358,              0.0004358
                     81,                 1.3153,                 5.5931,                 0.5154,                 1.1236,                 1.7631,                 0.7345,                0.69159,                0.76096,                0.50008,                0.15322,                0.13084,                0.04535,                0.01253,                 2.3231,                 6.4295,                0.59557,                 1.2353,                 3.7816,               0.000416,               0.000416,               0.000416
                     82,                 1.2732,                 5.7069,                0.52075,                    1.1,                 1.7294,                0.77382,                0.66355,                0.76702,                0.48629,                0.16481,                0.16822,                 0.0464,                0.01276,                 2.4221,                 6.4878,                0.61549,                 1.2607,                 3.8406,              0.0003962,              0.0003962,              0.0003962
                     83,                 1.3296,                 5.6794,                0.52389,                 1.1064,                 1.7822,                0.69244,                0.72897,                0.76249,                0.49281,                 0.1467,                0.15888,                0.04369,                 0.0125,                 2.2958,                 6.6252,                0.61619,                 1.2175,                  3.746,              0.0003764,              0.0003764,              0.0003764
                     84,                 1.3469,                 5.5456,                0.52799,                 1.1428,                 1.7728,                0.76597,                0.69159,                 0.7596,                0.50376,                0.21868,                0.20561,                0.06702,                0.01746,                 2.2811,                 6.5288,                0.60177,                 1.1854,                 3.6862,              0.0003566,              0.0003566,              0.0003566
                     85,                 1.2971,                  5.507,                0.52047,                 1.0603,                 1.7514,                0.77644,                0.64918,                0.76828,                0.50835,                0.21917,                0.14019,                0.06089,                0.01528,                 2.2858,                 6.6003,                0.61357,                 1.2608,                 3.7859,              0.0003368,              0.0003368,              0.0003368
                     86,                 1.2698,                 5.6109,                0.52936,                 1.0608,                 1.7262,                0.70568,                0.71028,                0.76539,                0.48944,                0.15844,                0.17757,                0.05439,                0.01526,                 2.4051,                 6.5615,                0.61528,                 1.2981,                 3.8395,               0.000317,               0.000317,               0.000317
                     87,                 1.2652,                 5.4112,                 0.5183,                 1.0404,                 1.7409,                0.73223,                0.71559,                0.75725,                0.49017,                0.15522,                0.16822,                0.04555,                0.01366,                 2.3639,                 6.5343,                0.59982,                 1.2457,                 3.8644,              0.0002972,              0.0002972,              0.0002972
                     88,                 1.2621,                 5.5569,                0.51484,                 1.0488,                  1.729,                0.74977,                0.67206,                0.75492,                0.48815,                0.18041,                0.18692,                0.06228,                 0.0163,                 2.4271,                 6.5609,                0.60569,                 1.2632,                  3.986,              0.0002774,              0.0002774,              0.0002774
                     89,                 1.2535,                 5.4459,                0.51488,                 1.0416,                 1.7162,                0.75207,                 0.6804,                0.74837,                0.50278,                0.15814,                0.16822,                0.04963,                0.01257,                 2.3352,                 6.5253,                0.60705,                 1.2504,                 3.8522,              0.0002576,              0.0002576,              0.0002576
                     90,                 1.2385,                 5.4287,                0.51992,                 1.0544,                 1.7174,                0.71441,                0.70138,                0.76597,                0.50731,                 0.1635,                0.17902,                0.04917,                0.01146,                 2.3068,                 6.4369,                0.61785,                 1.2292,                 3.7004,              0.0002378,              0.0002378,              0.0002378
                     91,                0.97959,                  5.751,                0.55879,                0.76282,                 1.5374,                0.82465,                0.63551,                0.76052,                 0.4943,                 0.1931,                0.17757,                 0.0609,                0.01606,                 2.2525,                 6.3877,                0.60702,                 1.1951,                 3.6654,               0.000218,               0.000218,               0.000218
                     92,                0.97746,                  5.764,                0.55615,                0.72334,                  1.583,                0.84215,                0.68224,                0.77958,                0.50783,                0.21503,                0.15888,                0.05569,                0.01385,                 2.2386,                 6.4283,                0.60234,                 1.1951,                 3.7525,              0.0001982,              0.0001982,              0.0001982
                     93,                0.95051,                 5.6734,                0.56024,                0.70981,                   1.53,                0.84428,                0.70093,                0.78135,                0.52341,                0.20715,                0.16822,                0.06618,                0.01701,                 2.2496,                 6.3894,                0.60729,                 1.2224,                 3.7456,              0.0001784,              0.0001784,              0.0001784
                     94,                0.95436,                 5.7242,                0.55049,                0.69635,                 1.5387,                0.83911,                0.69159,                0.78626,                0.52641,                0.22551,                0.18692,                0.07043,                0.01795,                 2.2827,                 6.3729,                 0.6027,                 1.2289,                 3.7991,              0.0001586,              0.0001586,              0.0001586
                     95,                0.95973,                   5.73,                0.55625,                0.69017,                 1.5401,                0.84755,                 0.6755,                 0.7759,                0.53444,                0.21366,                0.19626,                0.07218,                0.01978,                 2.2621,                 6.2221,                0.59677,                 1.2288,                  3.788,              0.0001388,              0.0001388,              0.0001388
                     96,                0.95677,                 5.7799,                0.55128,                0.69593,                  1.544,                0.82335,                0.69699,                0.77567,                0.53169,                0.21137,                0.18692,                 0.0687,                0.02032,                 2.2588,                 6.2143,                0.59676,                 1.2087,                 3.7712,               0.000119,               0.000119,               0.000119
                     97,                0.94066,                 5.5324,                0.54998,                0.66939,                 1.5077,                0.83446,                0.70093,                0.78316,                0.53065,                0.18942,                0.19626,                0.06644,                0.01959,                 2.2563,                 6.1762,                0.59761,                 1.2118,                 3.7821,               9.92e-05,               9.92e-05,               9.92e-05
                     98,                0.93249,                 5.5376,                0.55364,                0.66461,                 1.5128,                0.84979,                 0.6729,                0.79323,                0.53688,                0.20604,                0.19626,                0.06705,                0.02003,                 2.2685,                 6.2773,                0.60009,                 1.2035,                 3.7885,               7.94e-05,               7.94e-05,               7.94e-05
                     99,                0.91534,                 5.5871,                0.54375,                 0.6493,                 1.5003,                0.84366,                0.69159,                0.79535,                0.53608,                0.19565,                0.20561,                0.06897,                0.01934,                 2.2277,                 6.3049,                0.60009,                 1.1932,                 3.7466,               5.96e-05,               5.96e-05,               5.96e-05
                    100,                0.88697,                  5.516,                0.54463,                0.64914,                 1.4905,                0.83818,                0.69159,                0.79537,                0.53827,                0.20163,                0.21495,                0.08189,                0.02096,                 2.2283,                  6.337,                0.60027,                 1.2064,                 3.7517,               3.98e-05,               3.98e-05,               3.98e-05
